{"SHA3-224": [[1, 0.0009691715240478516], [10, 0.0011390447616577148], [100, 0.0010076045989990234], [1000, 0.0067272186279296875], [10000, 0.05628466606140137], [100000, 0.649792742729187], [1000000, 6.319569230079651], [10000000, 76.81464653015136], [100000000, 537.0455483913422]], "SHA3-256": [[1, 0.0005904674530029297], [10, 0.0008921384811401367], [100, 0.0005507469177246094], [1000, 0.0076482295989990234], [10000, 0.05567920207977295], [100000, 0.7362793445587158], [1000000, 6.5501981496810915], [10000000, 82.26249196529389], [100000000, 635.1178618192673]], "SHA3-384": [[1, 0.0006999015808105469], [10, 0.0006500959396362304], [100, 0.0008126497268676758], [1000, 0.009441471099853516], [10000, 0.07031338214874268], [100000, 0.8769869089126587], [1000000, 8.482175087928772], [10000000, 114.99893741607666], [100000000, 815.1478193044662]], "SHA3-512": [[1, 0.000601506233215332], [10, 0.0008187770843505859], [100, 0.0013032197952270509], [1000, 0.012821149826049805], [10000, 0.10069694519042968], [100000, 1.28087420463562], [1000000, 11.817210626602172], [10000000, 166.4621613264084], [100000000, 1072.0333918571473]]}